Customer Name,Customer e-mail,Country,Gender,Age,Age Group,Annual Salary,Credit Card Debt,Net Worth,Car Purchase Amount
Martina Avila,cubilia.Curae.Phasellus@quisaccumsanconvallis.edu,USA,Male,42,Middle,62812,11609,238961,35321
Harlan Barnes,eu.dolor@diam.co.uk,USA,Male,41,Middle,66647,9573,530974,45116
Naomi Rodriquez,vulputate.mauris.sagittis@ametconsectetueradipiscing.co.uk,USA,Female,43,Middle,53799,11160,638467,42926
Jade Cunningham,malesuada@dignissim.com,USA,Female,58,Seniour,79370,14426,548599,67422
Cedric Leach,felis.ullamcorper.viverra@egetmollislectus.net,USA,Female,57,Seniour,59729,5359,560304,55915
Carla Hester,mi@Aliquamerat.edu,USA,Female,57,Seniour,68500,14179,428485,56612
Griffin Rivera,vehicula@at.co.uk,USA,Female,47,Middle,39815,5958,326373,28926
Orli Casey,nunc.est.mollis@Suspendissetristiqueneque.co.uk,USA,Female,50,Middle,51752,10986,629312,47435
Marny Obrien,Phasellus@sedsemegestas.org,USA,Male,47,Middle,58139,3441,630059,48014
Rhonda Chavez,nec@nuncest.com,USA,Female,43,Middle,53457,12884,476643,38190
Jerome Rowe,ipsum.cursus@dui.org,USA,Female,50,Middle,73349,8271,612739,59046
Akeem Gibson,turpis.egestas.Fusce@purus.edu,USA,Female,53,Seniour,55422,10015,293863,42289
Quin Smith,nulla@ipsum.edu,USA,Male,44,Middle,37336,10218,430907,28700
Tatum Moon,Cras.sed.leo@Seddiamlorem.ca,USA,Male,48,Middle,68304,9467,420322,49259
Sharon Sharpe,eget.metus@aaliquetvel.co.uk,USA,Male,55,Seniour,72776,10598,146345,49510
Thomas Williams,aliquet.molestie@ut.org,USA,Female,53,Seniour,64662,11326,481433,53017
Blaine Bender,ultrices.posuere.cubilia@pedenonummyut.net,USA,Male,45,Middle,63260,11496,370356,41815
Stephen Lindsey,erat.eget.ipsum@tinciduntpede.org,USA,Female,48,Middle,52682,12515,549444,43902
Sloane Mann,at.augue@augue.net,USA,Female,52,Seniour,54503,7378,431099,44634
Athena Wolf,volutpat.Nulla.facilisis@primis.ca,USA,Male,59,Seniour,55368,13273,566022,54828
Blythe Romero,Sed.eu@risusNuncac.co.uk,USA,Female,52,Seniour,63436,11878,480588,51131
Zelenia Byers,auctor.non@sapien.co.uk,USA,Male,48,Middle,64347,10905,307226,43402
Nola Wiggins,Aliquam@augue.edu,USA,Female,46,Middle,65177,7699,497526,47241
Micah Wheeler,arcu.eu@tincidunt.org,USA,Female,47,Middle,52028,11961,688466,46635
Caryn Hendrix,condimentum.Donec@duiCum.com,USA,Male,40,Middle,69612,8126,499086,45078
Hedda Miranda,scelerisque@magnased.com,USA,Male,53,Seniour,53066,17806,429440,44388
Ulric Lynn,sociis@vulputateveliteu.com,USA,Male,28,Adult,82843,13102,315775,37162
Alma Pope,Nunc.mauris.Morbi@turpis.org,USA,Male,56,Seniour,61389,14270,341692,49092
Gemma Hendrix,lobortis@non.co.uk,USA,Female,46,Middle,100000,17453,188032,58350
Castor Wood,velit.Pellentesque@Nulla.net,USA,Female,40,Middle,62892,12523,583231,43994
Herman Stevenson,sociosqu.ad.litora@erat.com,USA,Female,33,Adult,39627,9372,319838,17585
Adrienne Bolton,dictum@magnaPraesent.ca,USA,Female,40,Middle,68860,13417,486069,44650
Dahlia Cleveland,tincidunt.tempus@idsapien.co.uk,USA,Female,51,Seniour,82358,8092,655934,66364
Keane Browning,Curabitur@acipsumPhasellus.co.uk,USA,Male,51,Seniour,67904,11417,487436,53489
Quon Hull,nascetur.ridiculus.mus@dignissim.co.uk,USA,Male,46,Middle,65312,7989,215674,39810
Coby Charles,nec@dolornonummyac.com,USA,Male,51,Seniour,59593,12253,612243,51612
Amery Cortez,semper.et.lacinia@Morbiquisurna.ca,USA,Female,50,Middle,47461,7406,430625,38979
Uriel Bradshaw,ultrices@Integersemelit.com,USA,Female,22,Adult,43132,10917,326743,10092
Fredericka Sanders,Curabitur@Infaucibus.ca,USA,Male,51,Seniour,52264,8839,213041,35929
Christopher Stevens,blandit.enim@lacusvariuset.org,USA,Female,48,Middle,80960,4500,379750,54823
Rachel Ashley,tincidunt.tempus.risus@posuerecubiliaCurae.co.uk,USA,Male,42,Middle,66418,9183,513340,45806
Lael Wright,a@consequatpurusMaecenas.com,USA,Female,46,Middle,58457,12491,410656,41567
Ryder Shaffer,Phasellus.dapibus.quam@inhendrerit.ca,USA,Male,38,Middle,50571,13338,348834,28031
Eric Noel,lacinia.at.iaculis@Fuscefermentumfermentum.edu,USA,Female,39,Middle,50943,10817,299734,27816
Tamara Guy,nec.eleifend@orci.org,USA,Female,61,Seniour,79792,14246,497950,68678
Quincy Bell,in@Duisgravida.co.uk,USA,Male,55,Seniour,70787,10155,853914,68925
Lee Taylor,Vivamus.nisi.Mauris@miAliquam.co.uk,USA,Female,42,Middle,56099,11675,320229,34216
Kenneth Pope,vitae.sodales.at@molestiearcuSed.org,USA,Male,51,Seniour,57478,2230,158980,37843
Reese Vance,egestas@malesuadavelvenenatis.com,USA,Female,41,Middle,60181,7095,390312,37883
Quon Carroll,sodales@pharetra.com,USA,Male,40,Middle,74445,7916,527421,48734
Magee Davidson,Quisque@tempor.net,USA,Female,41,Middle,38407,11023,451846,27187
Leilani Gross,dignissim@mollisDuissit.org,USA,Male,56,Seniour,64617,12379,779926,63738
Morgan William,sociis.natoque.penatibus@uterat.ca,USA,Male,46,Middle,68108,7814,455609,48267
Francesca Cervantes,leo@sitametdapibus.edu,USA,Female,37,Middle,72472,11217,583523,46381
Rafael Peterson,lectus.a.sollicitudin@tortorat.net,USA,Female,52,Seniour,35069,1852,353758,31979
Roanna Knox,dolor.nonummy@metusurnaconvallis.net,USA,Male,57,Seniour,52423,6998,438068,48100
Marny Vargas,nonummy.Fusce.fermentum@ligula.org,USA,Female,34,Adult,84468,7772,468239,47381
Charlotte Waller,odio@Nuncac.org,USA,Female,43,Middle,51420,11331,636407,41425
Dorian Hernandez,conubia.nostra.per@diam.co.uk,USA,Female,50,Middle,46610,7592,409420,38148
Armando Hensley,Class.aptent@torquentper.com,USA,Female,42,Middle,55207,9976,286063,32738
Rowan Kidd,sapien.Aenean.massa@adipiscing.ca,USA,Female,42,Middle,46689,7830,615766,37348
Gwendolyn Rice,Duis@metusIn.com,USA,Male,42,Middle,71847,4225,476088,47484
Gareth Morris,est.Nunc.laoreet@nullavulputatedui.edu,USA,Male,55,Seniour,69237,9843,242496,49731
Sawyer Carney,erat.Sed@Phasellus.ca,USA,Male,53,Seniour,54007,15189,246322,40094
Raya Shields,tincidunt.aliquam@orciluctuset.com,USA,Male,53,Seniour,47228,9046,456634,42298
Olga Serrano,risus@urnasuscipitnonummy.edu,USA,Male,43,Middle,70188,6842,662176,52955
Yuli Craig,lobortis.quis.pede@Seddiam.com,USA,Male,55,Seniour,62263,11786,301026,48104
Lev Kramer,eu.odio@tristique.org,USA,Female,43,Middle,59196,8634,573054,43681
Nissim Acosta,enim@at.net,USA,Female,57,Seniour,48717,10887,662383,52708
Miranda Berry,lorem@necmauris.ca,USA,Female,52,Seniour,66478,13686,356553,49393
Owen Jacobson,ac.orci@Etiamimperdietdictum.edu,USA,Female,45,Middle,50280,11350,230728,30841
Marvin Becker,congue.elit@vestibulumneceuismod.ca,USA,Male,56,Seniour,57394,5628,411831,49373
Davis Scott,neque@variusultricesmauris.edu,USA,Male,41,Middle,63430,10676,481335,41904
Matthew Colon,facilisis@Nullainterdum.edu,USA,Female,48,Middle,59139,4631,473846,45059
Quinlan Harris,libero.nec@adipiscing.org,USA,Female,56,Seniour,67015,13000,355158,52992
Hedley Greene,eleifend@felis.org,USA,Male,47,Middle,69157,15792,506987,50958
Orson Kirby,cursus@nectellus.co.uk,USA,Female,53,Seniour,50868,16732,344916,41357
Adria Mathis,Aliquam.rutrum.lorem@Donec.net,USA,Female,57,Seniour,53451,8741,309113,44435
Peter Stout,dictum.mi.ac@semperrutrumFusce.com,USA,Male,39,Middle,70464,10060,278800,38502
Cleo Moore,pede.et@Sedeu.com,USA,Male,45,Middle,52697,862,540805,41221
Cally Montoya,sit@pedeCum.ca,USA,Female,33,Adult,71055,6148,441527,38399
Ila Farrell,lacus@velit.edu,USA,Female,44,Middle,55406,9523,523251,41457
Abel Stanton,eu.lacus.Quisque@congue.edu,USA,Female,40,Middle,48567,9724,407401,30395
Reed Roman,laoreet.libero@laoreetlectus.com,USA,Male,40,Middle,69507,5449,409293,42384
September Puckett,tincidunt@consequatpurusMaecenas.net,USA,Female,37,Middle,69454,9566,386128,39002
Teegan Barr,non.lorem.vitae@eratVivamus.org,USA,Female,40,Middle,36929,9719,245664,19553
Alexander York,eu.odio.Phasellus@ipsumporta.edu,USA,Female,44,Middle,63088,11024,496856,45167
Jared Green,laoreet@sagittis.edu,USA,Male,43,Middle,50889,11041,448602,36020
Eagan Woodward,varius.et@Maecenas.edu,USA,Female,58,Seniour,58065,4205,388499,50938
Ferdinand Weber,metus.Vivamus@vitaeposuere.org,USA,Female,32,Adult,20000,14262,579182,12896
Kitra Kerr,scelerisque@Vivamusnon.co.uk,USA,Female,50,Middle,60536,8244,173079,38955
Desirae Stone,Morbi.sit@Aliquamfringilla.ca,USA,Female,59,Seniour,50668,9871,536665,51221
Len Phillips,libero.lacus@Suspendisseseddolor.net,USA,Female,42,Middle,44377,13865,259049,25972
Yen Santana,ornare.facilisis@ornarelibero.ca,USA,Male,50,Middle,75958,10563,635512,60670
Martina Fuentes,elit@nequeIn.com,USA,Female,53,Seniour,70897,11795,398747,54075
Ariana Nash,vel.turpis.Aliquam@consequatpurus.edu,USA,Female,47,Middle,56010,11030,391849,40005
Glenna Graham,sodales@maurisSuspendisse.com,USA,Male,46,Middle,90557,13873,479587,61594
Holmes Lane,ac.orci@accumsaninterdum.co.uk,USA,Female,43,Middle,71716,8871,165866,39503
Emerald Hamilton,sit.amet.orci@facilisis.edu,USA,Male,49,Middle,68502,5831,515084,52475
Gage Marquez,malesuada.vel@dictum.co.uk,USA,Male,43,Middle,46261,16767,759479,42188
Travis Burks,dictum@liberolacusvarius.ca,USA,Female,53,Seniour,61858,5189,706977,57441
Otto Oneill,arcu.Morbi.sit@elementum.ca,USA,Female,36,Middle,49484,11811,242293,22682
Brian Mathews,vulputate.mauris.sagittis@orciluctus.com,USA,Female,30,Adult,68289,7358,404457,33641
Ralph Rich,et@tellus.edu,USA,Male,37,Middle,47399,14563,537744,31541
Yasir Tyler,pharetra.sed.hendrerit@adipiscinglobortisrisus.edu,USA,Male,48,Middle,63975,10615,891440,60461
Dominic Mcintosh,Cras.vehicula@nibhPhasellusnulla.net,USA,Male,44,Middle,75461,6281,296972,45738
Tanner Ward,diam@orciUt.ca,USA,Male,42,Middle,51075,12417,450402,34804
Wing Gray,urna.nec@tempusscelerisquelorem.org,USA,Female,50,Middle,42434,7336,386057,34643
Lionel Mcclure,odio.auctor.vitae@placeratorcilacus.edu,USA,Female,30,Adult,61923,10367,323453,27587
Wing Parks,sagittis@magnased.ca,USA,Female,42,Middle,69947,9011,778537,54973
Oleg Gordon,Nunc.sollicitudin.commodo@blanditat.co.uk,USA,Female,46,Middle,73476,9657,386287,49143
Jamal Stephenson,lorem.lorem@in.edu,USA,Female,55,Seniour,75571,12888,416540,58841
Kadeem Larsen,ornare.lectus.ante@lectusNullam.net,USA,Male,44,Middle,82573,1697,562605,57306
Todd Maldonado,dui.semper.et@aultricies.net,USA,Male,58,Seniour,50650,11212,565932,51942
Victor Yang,arcu.Vivamus.sit@egestasSed.com,USA,Female,42,Middle,53427,7903,238530,30241
Quamar Cummings,mauris@convallisconvallisdolor.co.uk,USA,Female,57,Seniour,75247,13258,659279,67121
Dominic Hughes,cursus.vestibulum.Mauris@pedenonummy.com,USA,Female,43,Middle,69175,6040,325701,42408
Lamar Hensley,erat@pedeac.co.uk,USA,Male,35,Adult,84171,12720,244311,41452
Solomon Atkinson,Aliquam@laoreet.net,USA,Male,43,Middle,45722,14251,790527,42593
Dean Snider,tempus@sit.ca,USA,Male,35,Adult,54356,10009,573052,34521
Vernon Kidd,sapien.imperdiet.ornare@vitaeerat.edu,USA,Female,34,Adult,77206,8493,411070,42214
Dolan Clayton,justo@est.ca,USA,Male,48,Middle,57005,12417,408147,41914
Marvin Deleon,lectus.Nullam@congueelitsed.ca,USA,Female,53,Seniour,65809,4821,692401,59416
Merrill Bailey,natoque.penatibus@nislsem.net,USA,Male,47,Middle,65468,7249,588571,51403
Adrian Brock,Cras.lorem@nonvestibulumnec.net,USA,Male,54,Seniour,60992,7329,586369,54755
Rigel Craft,diam.eu.dolor@Proin.com,USA,Male,51,Seniour,61809,2620,407734,47143
Chaim Lewis,luctus@ut.org,USA,Male,59,Seniour,66905,10077,651216,64392
Kyle Evans,magnis@vitaenibh.org,USA,Male,49,Middle,65131,6207,53366,37253
Ulysses Craig,sit.amet@orci.ca,USA,Female,51,Seniour,83626,8459,167032,52665
Nolan Nixon,arcu@etultricesposuere.co.uk,USA,Male,40,Middle,64328,13860,567357,44001
Oren Rosario,ultrices.Vivamus.rhoncus@lacusMauris.net,USA,Female,53,Seniour,69256,18361,339207,51552
Hector Bowers,eget@Morbiquisurna.co.uk,USA,Female,45,Middle,60575,8088,291360,38244
Tate Molina,erat@sitamet.ca,USA,Male,45,Middle,63729,12507,271430,39767
Julian Alexander,Integer.id.magna@consequatenimdiam.co.uk,USA,Male,37,Middle,64316,14871,502947,40078
Lucian Medina,rutrum@temporbibendum.com,USA,Male,43,Middle,51419,9026,362564,33132
Todd Bass,Lorem.ipsum.dolor@et.edu,USA,Male,48,Middle,53870,14721,701783,48623
Mannix Snow,elit@euismodenim.net,USA,Male,49,Middle,56895,9852,580950,47693
Benedict Serrano,blandit.viverra@mollisDuis.co.uk,USA,Female,48,Middle,52534,7584,401956,39410
Yoshio Potter,fringilla.cursus.purus@dolorvitae.ca,USA,Female,45,Middle,52633,12349,294000,33428
Stone Koch,facilisis.Suspendisse@Duissit.ca,USA,Female,43,Middle,42375,6063,510039,32700
Elliott Horne,sollicitudin.adipiscing.ligula@Sedeu.co.uk,USA,Male,62,Seniour,65617,14392,560593,62864
Tanner Johnson,blandit.at@vulputateullamcorpermagna.org,USA,Female,46,Middle,49399,6995,174526,29426
Gabriel Carson,et@venenatis.co.uk,USA,Male,51,Seniour,63870,12861,260269,44419
Cain Love,est.mollis.non@placerat.com,USA,Female,44,Middle,60871,4398,262959,36646
Barry Larsen,Praesent.eu.dui@bibendumsed.com,USA,Male,57,Seniour,68091,6182,316064,53656
Lawrence Ryan,condimentum@duilectus.co.uk,USA,Male,60,Seniour,54123,15165,254617,45977
Allen Burke,eu.ultrices@In.edu,USA,Female,39,Middle,59317,12296,510811,38504
Nero Morgan,non.sapien@seddictumeleifend.edu,USA,Male,61,Seniour,38779,12759,581498,47936
Reuben Holden,pede.nonummy@Vivamusnonlorem.co.uk,USA,Female,50,Middle,88293,10799,378358,60222
Orson Hyde,gravida.sit@eget.net,USA,Female,37,Middle,68688,15796,375890,38931
Nolan Conner,feugiat@felisNulla.org,USA,Female,45,Middle,51907,13687,85521,27810
Stuart Reed,elementum@SeddictumProin.net,USA,Female,50,Middle,52374,11348,633383,47604
Rashad Harper,auctor@arcuimperdiet.ca,USA,Male,32,Adult,73768,8132,562664,42357
Dieter Delaney,sit.amet.risus@ipsum.ca,USA,Male,34,Adult,55577,9396,475126,31301
Hop Farley,in@et.co.uk,USA,Female,45,Middle,59690,14863,449895,42370
Darius Herring,imperdiet@sem.edu,USA,Male,50,Middle,55382,5088,20000,31837
Baker Saunders,Aliquam.nisl@hendreritidante.org,USA,Male,51,Seniour,34155,5316,216355,26499
Kermit Fuentes,ac@sedpedeCum.org,USA,Male,53,Seniour,54383,6940,191168,38173
Marvin Garner,in@sed.org,USA,Male,34,Adult,65920,7594,543790,39433
Sebastian Marks,et.eros@feugiatmetussit.net,USA,Male,56,Seniour,39488,10992,363561,37714
Hector Price,Aliquam.nisl@semegetmassa.co.uk,USA,Female,57,Seniour,72638,14939,352508,57125
Holmes Irwin,Nunc.sed.orci@Namligulaelit.net,USA,Female,48,Middle,67247,9852,368344,46453
Trevor Faulkner,ut@vitaesodales.net,USA,Male,40,Middle,71272,13122,411046,43855
Gannon Nguyen,et.rutrum.eu@congue.net,USA,Male,50,Middle,71693,14421,517480,55593
Quentin Randall,Fusce.aliquet@egetmassa.co.uk,USA,Male,47,Middle,57861,7146,445746,42484
Baker Norton,convallis@purus.net,USA,Female,39,Middle,69142,8708,399124,40879
Hakeem Mendoza,Maecenas@scelerisquelorem.ca,USA,Female,36,Middle,52478,12071,97707,20653
Peter Maynard,vel.est.tempor@egetvenenatisa.com,USA,Female,44,Middle,47592,13168,473101,35439
Devin Humphrey,sodales.Mauris@ametornare.ca,USA,Male,47,Middle,48123,922,405550,36113
Isaiah Harding,pede.blandit@disparturient.net,USA,Female,33,Adult,76916,13924,315184,38182
Graiden Powell,pellentesque.tellus@faucibusidlibero.com,USA,Female,42,Middle,65714,12557,362707,41026
Chancellor Padilla,pharetra@nuncsedlibero.edu,USA,Female,47,Middle,40346,11506,255922,27890
Philip Barnes,senectus.et.netus@nibhDonecest.net,USA,Male,40,Middle,71148,7918,416817,43724
Cameron Cash,auctor@ipsum.org,USA,Female,54,Seniour,81758,7501,278182,57431
Eric Green,arcu.vel.quam@magnaPraesentinterdum.co.uk,USA,Male,38,Middle,64867,13963,498442,41104
Tanek Koch,blandit@nunc.org,USA,Male,40,Middle,70052,4701,613707,49051
Alan Browning,purus@Sed.ca,USA,Female,45,Middle,62043,4981,357639,41266
Phelan Montoya,magna.tellus.faucibus@etmalesuadafames.co.uk,USA,Male,51,Seniour,85186,12413,546631,64545
Chancellor Patel,metus.eu.erat@suscipitnonummy.com,USA,Female,38,Middle,47127,10221,427011,29052
Palmer Cohen,non.leo@mollis.net,USA,Female,34,Adult,61177,9837,340663,30720
Ahmed Wright,consectetuer@auctorodio.com,USA,Female,50,Middle,57770,8628,211765,38763
Burton Carroll,rhoncus.id.mollis@Maurisvel.org,USA,Male,42,Middle,60432,11417,415005,39331
Nero Miranda,semper@vulputateposuere.net,USA,Female,33,Adult,59000,6904,478423,32608
Ali Strong,dis.parturient.montes@eratvel.com,USA,Female,56,Seniour,62646,11431,613242,58046
Nasim Ryan,est.congue.a@convalliserat.net,USA,Male,57,Seniour,68782,9811,350158,54387
August Duncan,tempor.bibendum@Nuncpulvinar.co.uk,USA,Female,37,Middle,67546,7171,322905,36638
Kieran Gilliam,ac.nulla@consectetueripsumnunc.co.uk,USA,Male,51,Seniour,42415,5205,520997,39522
Stone Hunt,convallis.erat@eratvel.org,USA,Male,63,Seniour,44618,9684,251702,42978
Malachi Henson,adipiscing.elit@Nunc.com,USA,Female,53,Seniour,72227,5817,623033,60866
Seth Massey,in.aliquet@fermentumvel.com,USA,Female,51,Seniour,48959,2419,615672,46380
Ulric Robles,fringilla@ornare.edu,USA,Female,48,Middle,86068,9181,335653,56580
Gannon Marquez,Aliquam@porttitor.net,USA,Female,41,Middle,65554,12027,462614,42774
Marshall Armstrong,ipsum.cursus.vestibulum@a.com,USA,Male,39,Middle,69248,6446,298246,37880
Christian Huffman,dignissim.Maecenas@tinciduntnuncac.co.uk,USA,Male,45,Middle,59331,10028,543313,45208
Gil Sanders,eu.ultrices@cursuset.net,USA,Male,70,Seniour,52323,12439,346555,56229
Otto Thomas,orci.tincidunt.adipiscing@erat.edu,USA,Male,51,Seniour,63553,9348,474763,50455
Moses Blackburn,et.malesuada.fames@musProin.edu,USA,Male,51,Seniour,75116,5970,232607,49721
Drake Chen,enim.commodo@consequatenimdiam.com,USA,Male,42,Middle,38284,15468,587011,31697
Christian Hernandez,dolor@vehiculaPellentesque.co.uk,USA,Female,50,Middle,55294,9465,629764,49220
Jelani F. Pace,Morbi@atarcuVestibulum.co.uk,USA,Female,40,Middle,63211,3658,664431,46189
Tiger I. Melton,rhoncus@nisl.net,USA,Female,44,Middle,54918,8920,347018,36087
Quail D. Horne,sit.amet@FuscemollisDuis.org,USA,Male,52,Seniour,57263,7793,322150,43264
Hammett A. Manning,sapien.cursus.in@netus.edu,USA,Female,41,Middle,72300,11545,275389,40660
Lamar V. Guthrie,vel@arcuVestibulumante.com,USA,Male,57,Seniour,50241,14818,607395,51684
Abra D. Golden,odio@Duis.com,USA,Male,54,Seniour,65835,15353,152012,44525
Vaughan L. Mathis,eu@iaculis.org,USA,Female,50,Middle,60382,11303,490444,48519
Alfreda V. Harrell,molestie@mi.net,USA,Female,37,Middle,68691,16306,619707,45805
Nora X. Decker,non.enim@diam.org,USA,Male,52,Seniour,65447,8492,571565,54850
Jeanette Q. Leach,vitae@nisl.net,USA,Male,43,Middle,42978,8884,491193,32478
Keiko O. Whitaker,est@porttitortellus.com,USA,Male,52,Seniour,58143,9686,261153,42209
Hector F. Leblanc,Curabitur@maurisaliquameu.net,USA,Male,64,Seniour,61666,11673,299854,55126
Emerald R. Cohen,in.consequat.enim@consectetuer.edu,USA,Male,51,Seniour,64854,3248,371240,47984
Cathleen E. Ortega,lectus@aliquamenim.org,USA,Male,55,Seniour,45757,11207,465710,43406
Velma K. Moses,augue.scelerisque@luctuslobortis.com,USA,Female,47,Middle,73097,10744,196422,44577
Lael W. Sheppard,eu.metus@sodalespurusin.net,USA,Female,36,Middle,67249,12998,396793,37745
Indigo P. Dejesus,quam.Pellentesque.habitant@felis.com,USA,Male,39,Middle,77166,8737,478853,47805
Quinlan S. Cantu,pede.Praesent.eu@Aliquam.net,USA,Female,45,Middle,72316,8729,279393,44847
Mariam I. Montgomery,vel.mauris@accumsanneque.co.uk,USA,Female,47,Middle,68431,14089,383693,46643
Pamela M. Cantu,posuere.enim.nisl@lectusNullam.ca,USA,Male,47,Middle,62311,9832,830430,56564
Hanna C. Martinez,Maecenas.mi.felis@amet.co.uk,USA,Male,60,Seniour,53229,10757,112127,41673
Lynn S. Avery,dui.Suspendisse.ac@Sedegetlacus.net,USA,Female,59,Seniour,77662,13445,331460,61118
Laurel H. Snow,dui.Suspendisse.ac@tacitisociosqu.org,USA,Female,36,Middle,69495,20000,335810,37304
Keegan Q. Ramirez,aliquet@volutpatNulla.edu,USA,Male,47,Middle,61063,12066,509543,46892
Shad K. Hancock,sit.amet@Proin.org,USA,Female,38,Middle,79369,13502,761936,56458
Harding E. York,quis.lectus.Nullam@egestas.org,USA,Female,42,Middle,61693,10835,620522,45510
Indira A. Aguilar,erat.Sed.nunc@aneque.ca,USA,Female,33,Adult,47212,4295,539366,27625
Bell K. Romero,non.sapien.molestie@rhoncus.edu,USA,Female,39,Middle,69898,9625,565815,46390
Cassady L. Foreman,magna.Suspendisse@tincidunt.edu,USA,Male,39,Middle,63676,9632,74258,29002
Samson N. Wagner,magna@sagittisaugueeu.org,USA,Female,55,Seniour,72302,10814,234159,51356
Wade O. Diaz,vel.sapien.imperdiet@dolorsit.co.uk,USA,Male,45,Middle,63687,13421,358616,42011
Len B. Finley,dis@dis.edu,USA,Female,51,Seniour,63678,5012,563499,52654
Emerald U. Hanson,dui.quis.accumsan@pedeCrasvulputate.co.uk,USA,Male,49,Middle,77435,6922,48620,44433
Cody G. Gill,sagittis.Nullam@acrisus.com,USA,Female,46,Middle,62721,16128,494986,46055
Kyle R. Kaufman,Morbi.vehicula@mattis.org,USA,Female,53,Seniour,70843,9537,545947,58235
Drake D. Gray,orci.consectetuer@porttitor.com,USA,Female,39,Middle,55286,17462,734444,42990
Honorato M. Butler,Cum.sociis.natoque@purus.ca,USA,Female,43,Middle,72002,14710,568948,50702
Tate C. Foster,dignissim.magna@Maurisvel.edu,USA,Female,70,Seniour,41435,6811,252220,47010
Zelenia L. Lowe,Nunc.mauris.elit@Curabiturvel.edu,USA,Male,51,Seniour,60404,4199,513975,49400
Callum U. Sweet,sem.ut@odio.edu,USA,Male,52,Seniour,65239,7437,168703,42997
Zane I. Boone,blandit@Cum.edu,USA,Female,45,Middle,62939,632,455590,44435
Timothy J. Terrell,orci@lobortis.com,USA,Male,48,Middle,60608,8233,492113,46326
Zahir A. Estes,eleifend.vitae@Pellentesquehabitantmorbi.ca,USA,Female,48,Middle,56118,9243,586717,46847
Michelle W. Ryan,ante.lectus@duiCum.net,USA,Male,48,Middle,86706,9653,333544,56499
Serena B. Moody,vitae.risus.Duis@hymenaeos.edu,USA,Female,57,Seniour,41236,9399,466988,42774
Mark V. Vaughn,Morbi.vehicula@ac.net,USA,Female,46,Middle,77146,7903,418765,52314
Anjolie A. Galloway,consequat.nec.mollis@nec.ca,USA,Male,44,Middle,56437,10462,249183,34140
Kylee O. Warner,cursus.in@neque.co.uk,USA,Female,65,Seniour,70704,5025,284992,60763
MacKenzie O. Fowler,Aliquam.nec.enim@nec.co.uk,USA,Male,57,Seniour,69810,4685,720424,66159
Lana S. Pace,augue@orci.com,USA,Female,47,Middle,54279,5699,124979,31216
Wilma L. Stevenson,non.vestibulum@consectetuer.ca,USA,Male,36,Middle,70334,9823,632600,46135
Sandra J. Huber,enim@famesac.org,USA,Male,57,Seniour,59168,10474,623488,56973
Octavius C. Spencer,Curabitur.consequat@miDuisrisus.com,USA,Male,33,Adult,61890,12024,133226,24184
Brendan G. Kelley,vel@lorem.org,USA,Female,43,Middle,66014,7040,610942,49080
Shaeleigh M. Mckenzie,diam.lorem.auctor@estmollisnon.net,USA,Female,46,Middle,55434,18693,316907,37094
Rooney R. Padilla,eu.turpis@accumsansed.co.uk,USA,Male,45,Middle,68500,15437,308446,43402
Damon K. Boone,nec@ad.net,USA,Female,43,Middle,54750,7632,152883,29092
Taylor A. Patel,erat.vitae.risus@temporarcu.edu,USA,Female,38,Middle,74590,5614,573442,48349
Lillith H. Larsen,dignissim.lacus.Aliquam@maurissapien.com,USA,Female,40,Middle,67773,6887,134188,33261
Tobias L. Sullivan,tempus.non@nasceturridiculus.ca,USA,Female,43,Middle,62564,6130,426489,41327
Quincy Q. Ayers,nisl.Nulla@Donecelementumlorem.net,USA,Male,42,Middle,70361,12025,575501,49336
Ulysses X. Burch,Sed.nunc.est@arcuMorbi.edu,USA,Male,51,Seniour,74811,13658,286850,51406
Jorden I. Whitley,turpis@orci.com,USA,Male,38,Middle,49346,5828,479686,31250
Heather G. Goodwin,semper.egestas@maurissapien.co.uk,USA,Female,41,Middle,73426,14823,336868,43599
Yardley W. Jacobson,enim.non.nisi@Ut.net,USA,Female,54,Seniour,47684,10129,613373,48300
Gray F. Walker,lobortis.Class.aptent@iaculis.com,USA,Male,45,Middle,72940,7787,589670,54013
Piper S. Houston,risus@enimconsequat.org,USA,Male,41,Middle,72278,13581,202710,38675
Chester X. Carrillo,tempor.erat.neque@ac.com,USA,Female,40,Middle,53921,9046,515305,37077
Nathaniel P. Stephens,Cras.dictum.ultricies@conubia.ca,USA,Male,32,Adult,65313,11399,572038,37948
Jennifer C. Williamson,rutrum@fermentumconvallisligula.ca,USA,Male,54,Seniour,55619,11212,229071,41320
Rae C. Hodge,lacus@massaSuspendisse.ca,USA,Male,55,Seniour,70915,9644,779144,66889
Urielle M. Contreras,elit.Aliquam.auctor@dolor.org,USA,Male,35,Adult,33423,8571,211169,12537
Mechelle W. Stanton,Pellentesque.habitant@auctorquistristique.org,USA,Male,46,Middle,53382,5055,438492,39549
Leila F. Hubbard,ultrices.posuere.cubilia@magnisdis.com,USA,Female,45,Middle,74173,11316,521404,52709
Tanisha H. Foster,sem.vitae@malesuadafringillaest.net,USA,Male,50,Middle,53587,8501,811594,53503
Hammett F. Marsh,tempus.scelerisque@maurisaliquam.ca,USA,Female,54,Seniour,58012,9822,552454,52117
Calvin A. Lancaster,ante.bibendum.ullamcorper@fringilla.net,USA,Female,29,Adult,69172,6355,613105,38706
Rachel H. Ballard,ipsum.leo.elementum@amet.org,USA,Female,56,Seniour,66780,14300,202577,48025
Solomon P. Randolph,orci.luctus.et@lacus.com,USA,Male,54,Seniour,79173,6913,397700,59484
Kasimir Q. Cherry,risus@in.net,USA,Male,33,Adult,63065,8908,505897,35912
Dominic I. Faulkner,pharetra.Nam@sociisnatoque.org,USA,Male,48,Middle,65530,8774,210574,41034
Pascale I. Key,urna.suscipit@enim.ca,USA,Male,49,Middle,63732,12848,581620,51730
Nola L. Sweeney,eu@necmaurisblandit.co.uk,USA,Male,55,Seniour,62690,8732,481514,53022
Clementine X. Powell,quis.pede@Aliquamfringilla.ca,USA,Male,42,Middle,51540,6933,371356,32828
Quinlan U. Sears,magna@velarcueu.ca,USA,Female,41,Middle,59060,5842,136346,29418
Odette Q. Sherman,Mauris.molestie@Intincidunt.co.uk,USA,Female,53,Seniour,62714,11498,679435,57462
Kirestin F. Yang,eleifend.egestas.Sed@tempus.net,USA,Female,53,Seniour,44748,4975,793987,50442
Colleen S. Mcguire,tincidunt@Proinsedturpis.edu,USA,Male,44,Middle,65530,3933,353930,41575
Dennis N. Thompson,vitae.erat@urnaNullamlobortis.ca,USA,Male,42,Middle,62427,6620,630411,46412
Lester J. Burch,Nunc.mauris@commodo.com,USA,Male,41,Middle,73498,3067,491904,47610
Madeson R. Salinas,Cum.sociis.natoque@acnullaIn.edu,USA,Male,48,Middle,86565,13702,819002,70878
Abigail X. Lindsey,dui@nondui.ca,USA,Male,63,Seniour,46549,640,626164,55543
Rachel E. Suarez,non.vestibulum.nec@euturpis.co.uk,USA,Female,59,Seniour,70112,7949,239218,53849
Derek X. Richards,tincidunt@porttitor.com,USA,Female,45,Middle,66748,9691,221291,39905
Evangeline G. Cooper,Integer.id.magna@Sedidrisus.org,USA,Female,47,Middle,72026,6989,222341,44736
Kieran G. Justice,in@Sed.co.uk,USA,Female,49,Middle,70737,13851,266765,46937
Zenia H. Patel,dis@tortor.com,USA,Female,40,Middle,57456,12186,159728,28441
Michelle R. Burke,dui@justo.ca,USA,Female,41,Middle,60658,3331,392178,38148
Florence U. Hunter,diam@tellus.org,USA,Male,47,Middle,50694,10882,587859,42748
Jelani A. Wall,aliquet@Duisa.co.uk,USA,Male,27,Adult,55370,10889,606851,29671
"England, Abel D.",enim.commodo@parturientmontesnascetur.org,USA,Female,46,Middle,82426,7525,684274,63038
"Oconnor, Linus Q.",Donec.elementum@Fuscemilorem.co.uk,USA,Male,51,Seniour,82094,1066,577273,63249
"Herman, Griffith P.",ligula.Nullam.enim@nibhlacinia.edu,USA,Male,43,Middle,74091,10878,225670,42322
"Knapp, Quamar P.",Maecenas.libero.est@miacmattis.com,USA,Male,32,Adult,73936,8254,625484,44463
"Chambers, Avram C.",Nunc.pulvinar.arcu@ultricesaauctor.ca,USA,Female,63,Seniour,75719,10515,474486,67092
"Cervantes, Rylee Q.",luctus.lobortis.Class@sitametdapibus.co.uk,USA,Female,35,Adult,47054,7235,275762,22091
"Ashley, Macon Z.",metus.Vivamus.euismod@arcuVivamus.co.uk,USA,Female,50,Middle,42003,6053,579220,40022
"Jimenez, Joel G.",faucibus.lectus.a@ut.net,USA,Male,51,Seniour,74419,8633,472762,56072
"Bond, Caryn Y.",libero.Proin@acnulla.net,USA,Female,54,Seniour,52786,9247,556015,49442
"Gross, Cedric D.",aliquam.adipiscing@maurissapien.edu,USA,Male,37,Middle,78805,12710,315059,42498
"Dyer, Aline L.",convallis@scelerisque.net,USA,Male,44,Middle,66932,11033,149761,37085
"Rivers, Sonya A.",vel.lectus@Praesent.net,USA,Female,57,Seniour,56066,5236,497876,51866
"Frazier, Kai O.",Cras@quamelementum.com,USA,Male,47,Middle,48592,14309,364859,35716
"Bond, Nyssa S.",fringilla.euismod.enim@aauctornon.net,USA,Male,52,Seniour,38214,11493,579059,39893
"Rush, Jarrod T.",vestibulum.nec.euismod@netusetmalesuada.ca,USA,Female,52,Seniour,56445,11933,69822,35781
"Stephens, Tanner E.",egestas@turpisnecmauris.com,USA,Male,48,Middle,67081,7880,244188,42866
"Cameron, Kimberley P.",nec.tellus@lacinia.co.uk,USA,Female,55,Seniour,83334,9874,1000000,80000
"Mcdowell, Victoria J.",risus.Duis@ornareFuscemollis.net,USA,Male,47,Middle,73502,11132,765712,60527
"Dalton, Grant D.",velit@doloregestas.net,USA,Female,45,Middle,88816,9317,493592,59759
"Gregory, Reuben Z.",fermentum@blanditviverra.ca,USA,Female,40,Middle,70381,6719,305253,39606
"Schultz, Lee I.",velit.eget.laoreet@quis.ca,USA,Female,47,Middle,67648,8768,787984,58642
"Wise, Mechelle E.",est.mollis@dui.ca,USA,Male,45,Middle,79782,11148,427288,52984
"Mcclure, Avye L.",dictum@lorem.org,USA,Female,49,Middle,64665,7404,521816,50667
"Livingston, Blaze Y.",montes.nascetur@liberoet.co.uk,USA,Male,60,Seniour,58838,12789,622325,59625
"Fuentes, Dora E.",nonummy@ornareelitelit.org,USA,Male,34,Adult,49607,9344,290712,22630
"Thompson, Alvin R.",interdum.ligula@Phasellus.edu,USA,Male,36,Middle,67032,7667,516738,41138
"Armstrong, Hedda N.",magnis.dis@aliquam.org,USA,Male,51,Seniour,65246,11554,542777,53496
"Casey, Sylvia E.",Integer.vitae.nibh@a.org,USA,Male,42,Middle,56174,10395,398012,36544
"Shaw, Rooney Q.",Curabitur.vel@Nullam.net,USA,Male,48,Middle,47227,11313,642335,43504
"Sexton, Shaeleigh H.",Cras.convallis.convallis@Fuscealiquam.net,USA,Female,35,Adult,40300,8828,719847,31147
"Langley, Skyler J.",mi.eleifend.egestas@cursuset.net,USA,Female,44,Middle,45505,9245,374778,31526
"Caldwell, Yolanda F.",ac.facilisis.facilisis@necmalesuada.com,USA,Male,48,Middle,50017,7514,160487,31084
"Olson, Riley O.",ornare.sagittis@hendrerit.ca,USA,Female,47,Middle,66227,8512,356213,45366
"Irwin, Dillon J.",arcu@dictummiac.edu,USA,Male,31,Adult,41362,10756,615720,25253
"Terry, Mollie K.",quam.dignissim.pharetra@aauctornon.ca,USA,Female,45,Middle,56687,9050,414035,39889
"Hudson, Maxwell F.",metus.eu.erat@non.org,USA,Male,49,Middle,68115,11634,521061,52241
"Levy, Irma P.",lacus.varius@sitamet.ca,USA,Male,61,Seniour,51087,12255,59630,39912
"Brady, Oscar Y.",erat@urnaUttincidunt.com,USA,Male,51,Seniour,71921,6354,169714,45858
"Dudley, Ryder M.",sed@sedtortor.co.uk,USA,Female,35,Adult,56807,8852,385251,30826
"Morales, Halla M.",elit.elit.fermentum@erosturpisnon.org,USA,Male,53,Seniour,43020,8527,454792,39423
"Holloway, Brennan Q.",fringilla.purus.mauris@risusatfringilla.ca,USA,Female,42,Middle,63875,11398,188328,34679
"Powers, Naomi B.",Cras.eu@vitaevelitegestas.net,USA,Female,39,Middle,41587,5397,322892,23518
"Armstrong, Naomi D.",nunc.sed.pede@Quisqueporttitor.net,USA,Female,38,Middle,49662,4679,375654,28734
"Flores, Caldwell U.",ut@Etiamvestibulum.ca,USA,Male,41,Middle,92471,5404,515718,59096
"Russo, Fleur N.",erat@at.edu,USA,Male,44,Middle,70137,7766,555993,50189
"Reese, Sylvia H.",Proin.nisl.sem@Maecenasmalesuada.co.uk,USA,Female,43,Middle,52665,14436,411933,35659
"Burke, Simon H.",lacinia@Nullam.com,USA,Female,39,Middle,55618,7558,854284,46398
"Mayer, Paki D.",Nunc.lectus.pede@egestasrhoncus.com,USA,Male,33,Adult,54912,8204,537572,32291
"Bush, Jessica C.",dolor.sit.amet@iaculisneceleifend.ca,USA,Male,47,Middle,56693,7946,685542,49079
"West, April J.",ante@nisi.org,USA,Male,45,Middle,63561,3730,608020,49349
"Levy, Wesley S.",facilisis.vitae.orci@sociosquad.co.uk,USA,Female,51,Seniour,62789,13224,192515,41428
"Nieves, Bertha O.",dolor@velitegestas.org,USA,Male,42,Middle,38454,15283,320834,24222
"Patrick, Merritt L.",ut@nonummyut.net,USA,Male,55,Seniour,59486,6515,228434,44424
"Mcdaniel, Marcia Z.",non.nisi.Aenean@etmagnis.co.uk,USA,Female,62,Seniour,68150,9560,401916,60390
"Ortiz, Drew P.",tincidunt@vel.edu,USA,Male,52,Seniour,49393,11522,475263,42794
"Oneill, Tiger A.",orci.Phasellus@ut.org,USA,Male,51,Seniour,72262,12125,187821,46936
"Sims, Tashya J.",aliquam@anteNuncmauris.ca,USA,Female,63,Seniour,64494,8766,408680,58667
"Lawrence, Hope Z.",metus.vitae@Morbisitamet.ca,USA,Female,46,Middle,54363,15647,388898,38043
"Jenkins, Hasad P.",adipiscing.elit.Aliquam@Utsagittislobortis.co.uk,USA,Female,47,Middle,55658,9625,377425,39271
"Rodriguez, Basia D.",Vestibulum@lobortis.org,USA,Male,58,Seniour,73512,11054,236421,54606
"Blair, Abra U.",montes@Loremipsum.edu,USA,Female,37,Middle,70622,9384,366328,39084
"Rosario, Elijah N.",In@non.com,USA,Female,51,Seniour,70276,10359,253182,47984
"Beach, Victor S.",consequat.auctor@lacuspede.co.uk,USA,Male,36,Middle,74420,10274,551344,46083
"Ruiz, Rafael L.",sed.pede@volutpatNulladignissim.net,USA,Female,32,Adult,54395,10694,549212,30964
"Macdonald, Rahim B.",augue.eu@nisi.edu,USA,Female,32,Adult,60384,11518,589180,35727
"Valdez, Joy U.",lobortis.quam@velarcueu.org,USA,Female,43,Middle,66814,15459,600685,49065
"Watson, Moana M.",ipsum.Suspendisse@diamDuismi.org,USA,Male,51,Seniour,84121,9597,27889,48956
"Cote, Evangeline F.",lorem.tristique.aliquet@estNunclaoreet.net,USA,Female,43,Middle,54237,7275,432448,37183
"Delgado, Jasper U.",lacinia@posuere.ca,USA,Female,58,Seniour,64427,9515,137602,46711
"Hardy, Hilary R.",egestas.Fusce@orciDonecnibh.com,USA,Female,49,Middle,71150,9849,480468,52890
"Stafford, Berk Y.",Quisque@ultriciessem.net,USA,Male,43,Middle,60325,10128,62150,29755
"Daugherty, Veda M.",venenatis.vel.faucibus@iaculisnec.net,USA,Female,48,Middle,91084,13149,387538,60961
"Harmon, David N.",aliquet.diam.Sed@posuere.org,USA,Male,40,Middle,60380,2800,508962,39975
"Houston, Grant O.",ut.aliquam@egetlacusMauris.ca,USA,Female,35,Adult,72948,12664,360457,38546
"Collier, Xerxes Q.",eu@magnaLorem.org,USA,Male,43,Middle,74835,9366,712234,56764
"Lewis, Jackson U.",pellentesque.a.facilisis@nonlacinia.co.uk,USA,Female,57,Seniour,67752,13852,657178,63080
"Smith, Nola H.",orci.lacus.vestibulum@gravidasit.co.uk,USA,Female,47,Middle,59206,2689,856287,55701
"Jensen, Ebony Y.",ac@sagittisNullam.net,USA,Male,32,Adult,64874,8512,528088,36367
"Kim, Claudia W.",sit.amet@dignissimmagnaa.edu,USA,Male,44,Middle,63306,16147,749017,52478
"Livingston, Lucas K.",porttitor.scelerisque@Aliquam.ca,USA,Male,50,Middle,74176,11894,290608,50297
"Bradford, Daquan F.",Nunc@euarcuMorbi.ca,USA,Female,44,Middle,47231,4421,558001,37260
"Park, Quincy A.",amet.consectetuer@orciinconsequat.ca,USA,Male,57,Seniour,65981,7009,173273,47716
"Dillon, Lynn W.",ornare.egestas.ligula@urnaVivamusmolestie.com,USA,Male,35,Adult,51429,9221,457116,29541
"Blackburn, Joel Y.",semper@tristique.co.uk,USA,Female,53,Seniour,75381,7925,545126,60567
"Sanders, Selma F.",velit.Pellentesque@Nullam.org,USA,Female,41,Middle,54742,10343,447393,36125
"Solis, Melissa T.",placerat.eget@placeratorcilacus.com,USA,Male,44,Middle,76245,6139,674191,57304
"Holmes, Ross Y.",velit@Pellentesquetincidunttempus.net,USA,Female,63,Seniour,60410,9611,255285,51922
"Sutton, Michelle D.",enim.Mauris@Namac.net,USA,Male,50,Middle,57601,10340,128388,35849
"Munoz, Kennedy K.",dolor@nislelementumpurus.edu,USA,Female,42,Middle,71372,7095,321431,42704
"Little, Hayley R.",nunc.est@purusmaurisa.co.uk,USA,Female,41,Middle,79444,11620,627087,55175
"Church, Lareina E.",lectus.rutrum.urna@nisinibh.co.uk,USA,Male,40,Middle,47569,7840,281691,26600
"Wolf, Tashya X.",nulla.Integer.vulputate@eutelluseu.edu,USA,Female,40,Middle,71194,3855,762832,53993
"Barr, Hyatt D.",sem@odiovel.edu,USA,Female,56,Seniour,46413,11652,595029,47971
"Hopper, Orson W.",luctus@magnaseddui.net,USA,Female,48,Middle,57368,10176,466129,43642
"Decker, Jolie T.",pellentesque.massa.lobortis@facilisis.net,USA,Female,41,Middle,65826,11715,416749,41680
"Chaney, Reuben I.",Integer@vulputate.net,USA,Male,61,Seniour,61825,11212,660897,63140
"Ross, Kermit D.",Donec@lacusQuisquepurus.net,USA,Female,35,Adult,61723,9913,291897,30758
"Hampton, Venus Q.",elit@faucibusMorbivehicula.net,USA,Male,55,Seniour,72310,3094,724025,65592
"Chavez, Ralph U.",Aenean@interdum.edu,USA,Male,37,Middle,67549,10462,388284,37872
"Whitaker, Adena B.",pharetra.sed.hendrerit@accumsanneque.com,USA,Male,48,Middle,62176,12967,343291,42920
Nola,elit@Fuscealiquamenim.ca,USA,Male,32,Adult,60585,8133,129636,22599
Melodie,facilisi.Sed@tortordictum.com,USA,Female,62,Seniour,66655,8002,805076,70599
Seth,dignissim@nibhPhasellus.com,USA,Male,49,Middle,63719,11863,298920,43243
Kyra,Etiam@diamluctus.org,USA,Male,43,Middle,60863,8034,344060,38139
Caldwell,amet@congue.edu,USA,Female,36,Middle,67508,10189,141588,30420
Benjamin,nisi.Mauris.nulla@vitaeodiosagittis.ca,USA,Male,61,Seniour,61640,17871,684210,63869
Florence,eros@faucibus.com,USA,Male,46,Middle,63173,6332,456525,45113
Oleg,Aenean.gravida@mifelis.com,USA,Male,57,Seniour,58654,17142,201228,44362
Donovan,iaculis.odio.Nam@sedfacilisis.org,USA,Female,36,Middle,40559,4981,283241,19525
Blaze,vitae.semper.egestas@montesnascetur.co.uk,USA,Male,49,Middle,76870,5575,266531,49992
Illana,mi.pede.nonummy@euismodetcommodo.org,USA,Female,63,Seniour,71949,8062,365863,61732
Yvette,justo@pedeCras.ca,USA,Male,49,Middle,67630,10917,151946,41769
Walter,metus.vitae.velit@CuraePhasellus.co.uk,USA,Female,44,Middle,67121,12087,472403,46403
Dexter,est.arcu@in.org,USA,Female,43,Middle,57376,12879,376886,37377
Cameran,tristique@ligulaAliquam.net,USA,Male,48,Middle,56945,16449,116408,33767
Penelope,vestibulum@metus.org,USA,Male,37,Middle,60174,15666,271415,30668
Hyatt,erat.Vivamus@ligula.co.uk,USA,Female,49,Middle,81997,12616,237185,52056
Stone,neque.non@iaculisaliquet.edu,USA,Female,40,Middle,36961,1769,630120,30737
Irma,placerat.eget.venenatis@elitpharetraut.edu,USA,Male,42,Middle,64412,10450,355175,39439
Josiah,Phasellus@Aliquamadipiscing.co.uk,USA,Female,30,Adult,70076,1727,552268,38175
Nathan,Nam.interdum.enim@et.com,USA,Female,43,Middle,72017,11603,205006,40590
Stacy,aliquet.odio@fermentumvel.edu,USA,Male,55,Seniour,63186,7122,762601,62029
Kane,iaculis.quis.pede@adipiscingenim.net,USA,Male,40,Middle,76087,9258,482867,48465
Reed,diam.nunc@lectusconvallisest.org,USA,Female,38,Middle,74446,7515,297964,40095
Lani,odio.Phasellus@fringilla.co.uk,USA,Male,43,Middle,85476,13786,267555,49568
Curran,risus@Sedmalesuada.net,USA,Female,37,Middle,51112,9058,461367,31409
Rhonda,Sed.congue.elit@faucibusleo.ca,USA,Male,41,Middle,79065,7222,365871,47719
Leroy,arcu.et.pede@Morbinequetellus.org,USA,Female,42,Middle,55515,8010,394230,35784
Adrienne,mauris.Morbi@ligulatortordictum.net,USA,Male,38,Middle,75902,6513,357468,42906
Aileen,venenatis.lacus@nuncQuisque.edu,USA,Male,43,Middle,56688,10827,790116,48517
Rafael,nonummy.Fusce@sem.net,USA,Male,44,Middle,59801,8042,601745,45594
Olivia,lacus.vestibulum.lorem@gravidaAliquamtincidunt.ca,USA,Male,41,Middle,57304,10836,258195,32062
Hiram,ipsum.non.arcu@placeratorci.com,USA,Male,46,Middle,43413,7843,392003,32208
Jelani,consectetuer.adipiscing.elit@vestibulumneceuismod.net,USA,Female,46,Middle,58949,8282,205439,35475
Madeson,libero.et@Crasdictum.ca,USA,Female,40,Middle,56086,6589,228389,29520
Uriah,molestie@commodoauctorvelit.co.uk,USA,Female,45,Middle,80016,9065,508555,55421
Brady,massa@nec.co.uk,USA,Female,58,Seniour,41409,8211,421319,42140
Denise,montes@inconsectetuer.edu,USA,Male,62,Seniour,40388,5761,622570,50540
Lyle,nascetur@amet.org,USA,Male,52,Seniour,48747,3923,217188,34922
Victor,lectus.a@nonhendreritid.org,USA,Male,44,Middle,70230,8542,320526,43898
Demetria,Donec.at@sedlibero.net,USA,Male,44,Middle,64961,6886,265717,39135
Ora,bibendum.Donec.felis@liberoestcongue.org,USA,Female,40,Middle,57777,19693,601210,41147
Trevor,Sed@Pellentesquetincidunttempus.edu,USA,Male,33,Adult,54447,13141,284155,24135
Kristen,urna@vitaeodiosagittis.ca,USA,Female,44,Middle,59712,7136,487565,42705
Aristotle,ac@non.com,USA,Male,42,Middle,65605,13629,297541,38902
Camden,Aliquam.adipiscing.lobortis@loremut.net,USA,Female,20,Adult,70467,100,494607,28645
Urielle,est.congue@Nunc.edu,USA,Male,53,Seniour,76319,6392,245216,52150
Jolene,erat.neque.non@elit.com,USA,Female,56,Seniour,77658,14438,622832,66648
Holly,accumsan@parturientmontes.net,USA,Female,44,Middle,60488,9911,478429,42909
Wayne,molestie.orci@condimentum.com,USA,Female,52,Seniour,67730,10280,314885,49248
Judith,vel.nisl.Quisque@mollisPhasellus.co.uk,USA,Male,43,Middle,49463,6478,201637,27303
Dennis,nunc.nulla.vulputate@dignissimmagnaa.edu,USA,Female,49,Middle,65850,3912,419557,47870
Kaitlin,parturient@Nuncsollicitudincommodo.co.uk,USA,Female,56,Seniour,66505,3943,621310,59984
Harriet,amet.orci@tellus.net,USA,Male,47,Middle,58261,4658,507573,45271
Tatyana,sem@parturientmontesnascetur.net,USA,Male,25,Adult,45093,11380,158758,9000
Paula,Nam@enimmitempor.com,USA,Female,45,Middle,63846,7762,505049,46012
Tamekah,ut.pharetra@ametultricies.net,USA,Female,46,Middle,55294,8277,169476,32967
Brandon,non@purusaccumsaninterdum.com,USA,Male,33,Adult,87598,10815,485564,48785
Veda,et.euismod@Duis.co.uk,USA,Female,43,Middle,71753,9120,400703,45825
Seth,Nulla.aliquet@sedturpisnec.co.uk,USA,Female,48,Middle,45368,12203,577058,40102
Kai,velit@molestie.com,USA,Male,48,Middle,45363,2525,399438,35457
Piper,erat.neque@mattisvelitjusto.org,USA,Male,40,Middle,40727,9726,508529,29557
Hillary,ut.mi.Duis@quisarcu.com,USA,Female,39,Middle,58633,12035,516817,38243
Francis,Phasellus@estcongue.ca,USA,Male,39,Middle,66680,10263,556946,44431
Rogan,pulvinar@porttitortellus.ca,USA,Female,54,Seniour,75892,8111,177878,51046
Kyle,a.feugiat@enimnisl.com,USA,Male,53,Seniour,59297,9592,567842,52570
Vaughan,Aliquam@aaliquet.com,USA,Male,51,Seniour,92456,9877,285326,61404
India,risus.at.fringilla@feugiat.ca,USA,Male,55,Seniour,32698,10858,218809,28464
Edward,rutrum.urna@faucibusidlibero.co.uk,USA,Female,35,Adult,55419,8838,312928,27586
Laurel,felis@orciconsectetuereuismod.ca,USA,Male,43,Middle,68921,8120,515012,47979
Igor,Proin.eget@aliquetnecimperdiet.org,USA,Male,37,Middle,43740,5933,517111,28165
Diana,purus.ac.tellus@parturientmontesnascetur.org,USA,Male,60,Seniour,81566,9072,544292,69669
Todd,egestas.a@vel.ca,USA,Male,44,Middle,65364,7839,579641,48053
Zephania,montes@sedsem.ca,USA,Female,39,Middle,65019,4932,341331,37364
Brock,Vivamus.nisi@elitpharetraut.ca,USA,Female,42,Middle,58243,15149,649324,44501
Avye,Cras@eros.net,USA,Male,32,Adult,73559,11165,301246,35139
Serena,odio.Nam@estac.ca,USA,Female,52,Seniour,66088,6769,557099,55167
Barclay,diam.Proin@ut.edu,USA,Male,56,Seniour,54442,4363,432850,48384
Isabella,et.magnis@necmetus.ca,USA,Female,41,Middle,60102,12989,340721,35824
Mia,sed.est@afelisullamcorper.edu,USA,Female,51,Seniour,50153,6596,266939,36518
Chester,Integer@odioauctor.co.uk,USA,Male,58,Seniour,61431,11561,421892,53111
Isaac,pretium.aliquet.metus@pretiumneque.com,USA,Male,51,Seniour,65847,9142,531840,53049
Heather,erat.Etiam@elementum.org,USA,Female,29,Adult,55434,10770,276467,21471
Justine,orci.adipiscing@penatibuset.com,USA,Female,53,Seniour,62980,14297,247422,45016
Bert,sem.Pellentesque@quis.net,USA,Male,43,Middle,76523,10373,620355,55378
Gil,Phasellus.fermentum@dictumplacerataugue.net,USA,Male,62,Seniour,63956,16979,360788,56510
Dolan,ipsum.Phasellus@egestasblanditNam.edu,USA,Female,60,Seniour,39460,8769,571245,47444
Cheryl,iaculis.enim@nislelementum.edu,USA,Female,37,Middle,66923,8611,522815,41490
Courtney,porttitor.tellus@elitelit.org,USA,Male,43,Middle,50051,893,347178,32554
Neville,felis.Nulla@mi.ca,USA,Male,42,Middle,61576,595,497197,41985
Gloria,Curabitur.egestas.nunc@fermentumfermentum.ca,USA,Male,55,Seniour,64430,6924,664862,59538
Jonah,augue@risusNuncac.co.uk,USA,Female,46,Middle,63722,10711,316128,41352
Merrill,dolor.sit@turpisIn.com,USA,Female,50,Middle,78518,10072,294506,52785
Nolan,Donec.at@neccursus.co.uk,USA,Male,55,Seniour,72425,9831,523681,60118
Winter,egestas.urna.justo@maurissagittis.edu,USA,Male,43,Middle,77665,13309,349589,47761
Rigel,egestas.blandit.Nam@semvitaealiquam.com,USA,Male,52,Seniour,77346,6737,665099,64188
Walter,ligula@Cumsociis.ca,USA,Male,41,Middle,71942,6996,541670,48901
Vanna,Cum.sociis.natoque@Sedmolestie.edu,USA,Female,38,Middle,56039,12301,360419,31491
Pearl,penatibus.et@massanonante.com,USA,Female,54,Seniour,68889,10612,764531,64147
Nell,Quisque.varius@arcuVivamussit.net,USA,Female,59,Seniour,49812,14013,337827,45442
Marla,Camaron.marla@hotmail.com,USA,Female,47,Middle,61371,9391,462946,45107
